{
  "hash": "6ed27b62",
  "browserHash": "a7afc4eb",
  "optimized": {
    "@angular/common": {
      "src": "../../../../../node_modules/@angular/common/fesm2022/common.mjs",
      "file": "@angular_common.js",
      "fileHash": "2c5ea3bc",
      "needsInterop": false
    },
    "@angular/core": {
      "src": "../../../../../node_modules/@angular/core/fesm2022/core.mjs",
      "file": "@angular_core.js",
      "fileHash": "230b7cbf",
      "needsInterop": false
    },
    "@angular/forms": {
      "src": "../../../../../node_modules/@angular/forms/fesm2022/forms.mjs",
      "file": "@angular_forms.js",
      "fileHash": "67b3d9d8",
      "needsInterop": false
    },
    "@angular/platform-browser": {
      "src": "../../../../../node_modules/@angular/platform-browser/fesm2022/platform-browser.mjs",
      "file": "@angular_platform-browser.js",
      "fileHash": "519f6e6e",
      "needsInterop": false
    },
    "@angular/router": {
      "src": "../../../../../node_modules/@angular/router/fesm2022/router.mjs",
      "file": "@angular_router.js",
      "fileHash": "f21da6d2",
      "needsInterop": false
    }
  },
  "chunks": {
    "chunk-6YAA32QX": {
      "file": "chunk-6YAA32QX.js"
    },
    "chunk-KGEAT5EH": {
      "file": "chunk-KGEAT5EH.js"
    },
    "chunk-THWPMT2E": {
      "file": "chunk-THWPMT2E.js"
    }
  }
}