{
  "hash": "fe9c3403",
  "browserHash": "32d98b54",
  "optimized": {
    "@angular/common": {
      "src": "../../../../../node_modules/@angular/common/fesm2022/common.mjs",
      "file": "@angular_common.js",
      "fileHash": "8d39232f",
      "needsInterop": false
    },
    "@angular/core": {
      "src": "../../../../../node_modules/@angular/core/fesm2022/core.mjs",
      "file": "@angular_core.js",
      "fileHash": "d159662e",
      "needsInterop": false
    },
    "@angular/forms": {
      "src": "../../../../../node_modules/@angular/forms/fesm2022/forms.mjs",
      "file": "@angular_forms.js",
      "fileHash": "5c6f9587",
      "needsInterop": false
    },
    "@angular/platform-browser": {
      "src": "../../../../../node_modules/@angular/platform-browser/fesm2022/platform-browser.mjs",
      "file": "@angular_platform-browser.js",
      "fileHash": "0667faf4",
      "needsInterop": false
    },
    "@angular/router": {
      "src": "../../../../../node_modules/@angular/router/fesm2022/router.mjs",
      "file": "@angular_router.js",
      "fileHash": "fbf636c3",
      "needsInterop": false
    }
  },
  "chunks": {
    "chunk-6YAA32QX": {
      "file": "chunk-6YAA32QX.js"
    },
    "chunk-KGEAT5EH": {
      "file": "chunk-KGEAT5EH.js"
    },
    "chunk-THWPMT2E": {
      "file": "chunk-THWPMT2E.js"
    }
  }
}